"Player","RBI","Chances"
"Justin Turner",81,171
"Max Muncy",47,121
"Cody Bellinger",63,168
"Corey Seager",73,170
"Mookie Betts",127,237
"Christian Walker",26,98
"Ildemaro Vargas",15,29
"Matt Beaty",17,31
"Joc Pederson",63,174
"Kole Calhoun",93,207
"Chris Taylor",66,162
"George Springer",96,228
"Jose Altuve",105,211
"Abraham Toro",5,24
"David Peralta",65,168
"Kyle Tucker",16,44
"Alex Bregman",85,193
"Daulton Varsho",2,13
"Jon Jay",52,128
"Stephen Vogt",41,101
"Eduardo Escobar",87,222
"Yuli Gurriel",105,214
"Andy Young",2,4
"Nick Ahmed",60,183
"Francisco Mejia",9,41
"Tommy Pham",56,153
"Eric Hosmer",114,244
"Ketel Marte",69,172
"Carson Kelly",24,59
"Fernando Tatis Jr.",21,48
"Edward Olivares",3,12
"Josh Naylor",12,24
"Austin Hedges",41,111
"Trent Grisham",11,35
"Jake Cronenworth",5,12
"Kevin Cron",3,13
"Marcus Semien",85,191
"Matt Chapman",41,129
"Matt Olson",49,160
"Mark Canha",47,118
"Jake Lamb",70,172
"Trevor Story",74,220
"Daniel Murphy",101,191
"Ryan McMahon",34,91
"Nolan Arenado",130,256
"Josh Fuentes",8,20
"Brendan Rodgers",4,13
"Garrett Hampson",15,45
"Sam Hilliard",2,11
"Drew Butera",19,49
"Elias Diaz",39,83
"Charlie Blackmon",100,204
"Starling Marte",75,184
"Joey Bart",2,11
"Pablo Sandoval",42,103
"Wilmer Flores",61,159
"Mauricio Dubon",7,21
"Alex Dickerson",28,59
"Evan Longoria",108,241
"Brandon Belt",76,197
"Austin Barnes",28,87
"Edwin Rios",3,10
"Gavin Lux",3,11
"Enrique Hernandez",59,156
"Will Smith",17,31
"Jose Marmolejos",2,13
"Evan White",10,20
"Pavin Smith",2,6
"Kyle Seager",97,238
"Donovan Walton",1,2
"Josh VanMeter",5,29
"Joseph Odom",1,5
"Dee Strange-Gordon",1,5
"Kyle Lewis",8,21
"Joey Gallo",43,140
"Rougned Odor",86,234
"Anderson Tejeda",2,12
"Eli White",1,4
"Isiah Kiner-Falefa",25,80
"Wyatt Mathisen",1,2
"Tim Locastro",5,22
"Kevin Pillar",83,215
"Tony Wolters",54,116
"Hunter Renfroe",43,134
"Ronald Acuna Jr.",36,96
"Ozzie Albies",59,135
"Travis d'Arnaud",51,121
"Dansby Swanson",70,184
"Johan Camargo",38,92
"Austin Riley",18,51
"J.D. Davis",20,66
"Yoenis Céspedes",1,3
"Robinson Cano",91,215
"Wilson Ramos",92,211
"Pete Alonso",28,79
"Ender Inciarte",71,199
"Amed Rosario",44,141
"Brandon Nimmo",27,78
"Adeiny Hechavarria",54,134
"Freddie Freeman",103,203
"Marcell Ozuna",115,252
"Jeff McNeil",33,80
"Tomas Nido",13,27
"Michael Conforto",72,184
"Andres Gimenez",2,15
"Brian Dozier",78,202
"Randal Grichuk",63,204
"Danny Jansen",18,50
"Bo Bichette",10,31
"Tyler Flowers",54,140
"Adam Duvall",95,229
"Nick Markakis",119,255
"Vladimir Guerrero Jr.",25,62
"Luis Garcia",8,16
"Juan Soto",51,136
"Eric Thames",28,118
"Victor Robles",28,83
"Matt Adams",56,144
"Adam Eaton",55,143
"Yan Gomes",55,154
"Trea Turner",78,190
"Phil Gosselin",15,42
"Jean Segura",91,213
"J.T. Realmuto",92,239
"Andrew McCutchen",78,208
"Rhys Hoskins",62,144
"Bryce Harper",112,216
"Thairo Estrada",3,12
"Tyler Wade",10,26
"Howie Kendrick",60,141
"Asdrubal Cabrera",87,202
"Brock Holt",50,139
"Michael A. Taylor",29,107
"Wilmer Difo",38,87
"Kurt Suzuki",68,166
"Carter Kieboom",4,14
"Corey Dickerson",65,189
"Miguel Rojas",69,138
"Monte Harrison",1,9
"Jorge Alfaro",31,86
"Garrett Cooper",23,48
"Jazz Chisholm",1,8
"Brian Anderson",42,101
"Jon Berti",17,47
"Jesus Aguilar",75,166
"Matthew Joyce",42,112
"Lewis Brinson",26,60
"Chad Wallach",3,13
"Rafael Devers",68,172
"Michael Chavis",19,62
"Jonathan Arauz",5,12
"Alex Verdugo",22,60
"Bobby Dalbec",3,10
"Xander Bogaerts",138,284
"Christian Vazquez",45,149
"Jackie Bradley Jr.",80,224
"Tzu-Wei Lin",7,24
"Mike Ford",3,17
"Gary Sanchez",59,184
"Aaron Judge",37,127
"Giancarlo Stanton",73,186
"Mike Tauchman",23,55
"Luke Voit",35,88
"Renato Nunez",40,100
"Anthony Santander",29,65
"Pedro Severino",28,72
"Brandon Lowe",25,68
"Andrew Velazquez",2,11
"Austin Hays",9,19
"Rio Ruiz",25,58
"Chris Davis",49,159
"DJ Stewart",7,20
"Jose Martinez",49,114
"Kevin Kiermaier",41,149
"Chance Sisco",8,33
"Pat Valaika",14,52
"Mike Zunino",44,155
"Yandy Díaz",4,7
"Logan Forsythe",57,137
"Francisco Cervelli",55,153
"Hanser Alberto",30,66
"Magneuris Sierra",11,33
"José Iglesias",8,12
"Dwight Smith Jr.",22,57
"Jonathan Villar",79,220
"Cavan Biggio",15,43
"Travis Shaw",70,199
"Anthony Alford",2,7
"Cedric Mullins",12,34
"Lourdes Gurriel Jr.",39,74
"Joe Panik",73,164
"Teoscar Hernandez",35,130
"Brandon Drury",52,138
"Mitch Moreland",84,213
"Jose Peraza",66,167
"J.D. Martinez",108,239
"Bryan Holaday",19,44
"Ryan Mountcastle",8,13
"Todd Frazier",79,210
"Brett Gardner",66,185
"Aaron Hicks",59,149
"Dilson Herrera",2,10
"Miguel Andujar",31,70
"Erik Kratz",19,51
"DJ LeMahieu",107,227
"Mason Williams",5,19
"Gleyber Torres",44,113
"Michael Perez",11,29
"Yoshi Tsutsugo",5,17
"Nate Lowe",6,15
"Kevan Smith",29,72
"Joey Wendle",47,105
"Randy Arozarena",2,8
"Mike Brosseau",4,16
"Manuel Margot",50,125
"Kevin Plawecki",29,74
"Rowdy Tellez",28,64
"Austin Meadows",27,63
"Ji-Man Choi",40,100
"Roman Quinn",13,42
"Didi Gregorius",100,222
"Alec Bohm",9,19
"Josh Harrison",62,162
"Yairo Munoz",23,49
"Derek Fisher",14,38
"Caleb Joseph",14,63
"Christian Arroyo",11,23
"Clint Frazier",16,47
"Gio Urshela",40,73
"Cesar Puello",3,17
"Jason Heyward",84,219
"Ben Gamel",39,106
"Orlando Arcia",62,157
"Eric Sogard",25,66
"Christian Yelich",99,222
"Ian Happ",46,120
"Kris Bryant",70,199
"Kyle Schwarber",39,147
"Willson Contreras",81,201
"Victor Caratini",22,65
"Javier Baez",107,228
"Kevin Newman",33,79
"Anthony Rizzo",119,253
"Colin Moran",61,123
"Nico Hoerner",13,28
"David Bote",33,85
"Phillip Evans",2,10
"Gregory Polanco",77,181
"Albert Almora",50,144
"Jacob Stallings",12,40
"Franchy Cordero",8,30
"Alex Gordon",70,186
"Adalberto Mondesi",51,132
"Bubba Starling",4,22
"Jorge Soler",38,112
"Maikel Franco",105,238
"Justin Smoak",61,165
"Jason Kipnis",80,206
"Josh Phegley",29,70
"Omar Narvaez",38,116
"Keston Hiura",16,54
"Luis Urias",15,35
"Steven Souza Jr.",51,121
"Ryan Braun",78,194
"Dylan Carlson",3,17
"Brad Miller",46,137
"Dexter Fowler",67,165
"Matt Wieters",53,130
"Andrew Knizner",4,11
"Matt Carpenter",72,182
"Tyler O'Neill",12,41
"José Abreu",18,34
"Eloy Jimenez",27,72
"Yoan Moncada",48,132
"Nomar Mazara",92,215
"Danny Mendick",2,15
"Paul DeJong",58,165
"Tommy Edman",14,43
"Yadier Molina",99,218
"Harrison Bader",26,85
"Paul Goldschmidt",100,245
"Kolten Wong",70,160
"Cameron Maybin",49,129
"Jesse Winker",29,84
"Tyler Stephenson",1,3
"Brian Goodwin",28,93
"Francisco Lindor",103,258
"Jose Ramirez",107,236
"Carlos Santana",108,251
"Miguel Sano",53,175
"Byron Buxton",52,141
"Josh Donaldson",67,150
"Mitch Garver",33,81
"Jorge Polanco",82,167
"Marwin Gonzalez",76,179
"Max Kepler",84,193
"Jake Cave",24,56
"Yasmani Grandal",72,190
"Edwin Encarnacion",109,259
"Eddie Rosario",103,231
"Luis Arraez",17,27
"James McCann",62,174
"Nelson Cruz",120,254
"Avisail Garcia",71,196
"Mark Mathias",1,3
"Oscar Mercado",22,51
"Sandy Leon",42,117
"Domingo Santana",54,145
"Luis Robert",7,19
"Delino DeShields",44,104
"Mike Freeman",13,31
"Isaac Paredes",2,8
"Austin Romine",50,105
"Victor Reyes",19,47
"Niko Goodrum",31,97
"Jonathan Schoop",72,218
"Jorge Bonifacio",20,65
"Christin Stewart",17,50
"JaCoby Jones",19,82
"Miguel Cabrera",75,173
"Adam Engel",31,99
"Tim Anderson",62,185
"Nicky Lopez",24,56
"Cam Gallagher",12,32
"Nick Madrigal",7,12
"Hunter Dozier",32,117
"Willi Castro",11,25
"Daz Cameron",2,5
"Willians Astudillo",16,39
"Ryan Jeffers",2,4
"Patrick Wisdom",3,11
"Mike Moustakas",70,161
"Matt Davidson",34,97
"Nick Senzel",14,39
"Freddy Galvis",80,208
"Joey Votto",96,209
"Grayson Greiner",11,47
"Nicholas Castellanos",93,223
"Kyle Farmer",12,35
"Shogo Akiyama",5,11
"Phil Ervin",21,56
"Eugenio Suarez",96,230
"Greg Allen",19,61
"Cesar Hernandez",83,203
"Ryan O'Hearn",19,60
"Salvador Perez",53,144
"Whit Merrifield",86,225
"Christian Colon",4,22
"Josh Bell",90,198
"Erik Gonzalez",21,67
"Jarrod Dyson",38,114
"Bryan Reynolds",25,54
"Tucker Barnhart",68,155
"José García",1,3
"Lane Thomas",2,10
"Aristides Aquino",10,23
"Tyrone Taylor",1,7
"Jacob Nottingham",5,7
"Jedd Gyorko",64,134
"Daniel Vogelbach",19,69
"Roberto Perez",49,118
"Franmil Reyes",29,88
"Bradley Zimmer",18,52
"Leury Garcia",46,113
"Zack Collins",6,12
"Jeimer Candelario",41,119
"Jordan Luplow",12,33
"Tyler Naquin",35,90
"Matt Reynolds",5,17
"Adam Frazier",54,130
"Ke'Bryan Hayes",0,4
"Wil Myers",74,180
"Chris Owings",54,143
"Manny Machado",93,221
"David Dahl",34,94
"Jurickson Profar",54,138
"Ty France",10,21
"Matt Kemp",85,175
"Chadwick Tromp",3,4
"Donovan Solano",19,34
"Mike Yastrzemski",22,47
"Raimel Tapia",30,70
"Willie Calhoun",25,46
"Derek Dietrich",47,139
"Elvis Andrus",95,231
"Scott Heineman",4,9
"Taylor Jones",2,6
"Josh Reddick",86,189
"Carlos Correa",103,238
"Martin Maldonado",41,164
"Jorge Mateo",1,1
"Brandon Crawford",105,238
"Steven Duggar",16,42
"Darin Ruf",8,24
"Daniel Robertson",28,76
"Justin Upton",90,210
"Taylor Ward",4,24
"Max Stassi",14,42
"Anthony Rendon",128,249
"Jo Adell",2,14
"Andrelton Simmons",97,211
"Jared Walsh",9,17
"Mike Trout",79,162
"Albert Pujols",118,267
"Jonah Heim",1,4
"Tony Kemp",30,62
"Robbie Grossman",61,159
"AJ Pollock",7,18
"Ryan McBroom",5,14
"Travis Demeritte",3,14
"Harold Castro",16,29
"Sergio Alcantara",0,2
"Austin Nola",14,36
"Mallex Smith",41,130
"J.P. Crawford",31,74
"Dustin Garneau",8,31
"Shed Long",5,26
"Myles Straw",8,21
"Michael Brantley",78,168
"Hunter Pence",68,164
"Yordan Álvarez",1,3
"Tim Lopes",11,21
"David Fletcher",41,93
"Jack Mayfield",3,11
"Tommy La Stella",48,104
"Shohei Ohtani",32,82
"Stephen Piscotty",79,185
"Aledmys Díaz",2,5
"Jose Trevino",11,24
"Nick Solak",16,29
"Sam Huff",0,1
"Josh Rojas",7,14
"Nicky Delmonico",12,39
"Nick Heath",1,2
"Ehire Adrianza",37,96
"Brett Phillips",10,27
"Cole Tucker",7,26
"Kelvin Gutierrez",5,8
"Brandon Dixon",20,54
"Eric Haase",1,3
"Derek Hill",0,1
"Dylan Moore",11,37
"Joe Hudson",1,2
"Michael Hermosillo",3,9
"Luis Rengifo",12,48
"Jason Castro",34,95
"Matt Thaiss",2,19
"Garrett Stubbs",3,8
"Chad Pinder",24,105
"Sean Murphy",4,20
"Ramon Laureano",38,79
"Khris Davis",95,235
"Sam Haggerty",2,5
"Anthony Bemboom",2,7
"Jose Briceno",3,17
"Franklin Barreto",8,25
"Sherten Apostel",0,1
"Jeff Mathis",26,74
"Tyler Heineman",2,4
"Vimael Machin",0,6
"Elliot Soto",0,1
"Eddy Alvarez",0,2
"Dominic Smith",29,65
"Billy Hamilton",54,158
"Luis Guillorme",8,19
"Willy Adames",29,106
"Lewin Diaz",0,3
"Adam Haseley",19,34
"Andrew Knapp",12,56
"Isan Diaz",4,14
"Kyle Garlick",3,9
"Andrew Stevenson",7,17
"Sean Rodriguez",22,85
"Logan Morrison",37,122
"Curt Casali",21,66
"Travis Jankowski",13,42
"Manny Pina",42,98
"Jose Osuna",25,77
"JT Riddle",31,77
"Jace Peterson",30,86
"Rangel Ravelo",6,12
"Justin Williams",0,1
"John Ryan Murphy",9,48
"Alex Avila",20,84
"Brent Rooker",1,2
"Eduardo Nunez",79,195
"William Contreras",0,1
"Rene Rivera",15,51
"Ali Sanchez",0,3
"Starlin Castro",83,207
"Jesus Sanchez",0,1
"Jake Marisnick",28,99
"Kyle Higashioka",4,22
"Robinson Chirinos",41,135
"Andrew Benintendi",87,191
"Estevan Florial",0,1
"Austin Allen",3,11
"Rob Refsnyder",8,46
"Luis Campusano",0,1
"Luis Alexander Basabe",1,1
"Luis Torrens",2,21
"Nate Orf",0,2
"Scott Kingery",25,90
"Jay Bruce",65,179
"Neil Walker",49,120
"Deivy Grullon",0,1
"Mickey Moniak",0,2
"Rafael Marchan",1,1
"Jonathan Davis",5,13
"Lorenzo Cain",68,182
"Guillermo Heredia",23,86
"Beau Taylor",0,2
"Jared Oliva",0,1
"Greg Garcia",42,99
"Danny Santana",42,95
"Jorge Oña",0,1
"Seth Brown",3,11
"Braden Bishop",4,11
"Jake Fraley",0,3
"Shin-Soo Choo",59,139
"Austin Slater",17,49
"Joey Rickard",20,67
"Meibrys Viloria",8,15
"Max Schrock",0,3
"Yu Chang",3,9
"Reese McGuire",2,9
"Harold Ramirez",17,40
"Yadiel Hernández",1,3
"Ronald Guzman",26,64
"Leody Taveras",1,4
"Andrew Romine",16,58
"Santiago Espinal",2,4
"Jake Noll",0,2
"Zack Godley",3,14
"David Price",1,2
"Blake Swihart",10,38
"Adam Jones",85,187
"Merrill Kelly",1,7
"Matt Andriese",0,1
"Mark Zagunis",3,6
"Ben Zobrist",86,198
"Brian McCann",61,136
"Melky Cabrera",91,191
"Buster Posey",82,180
"Mac Williamson",13,44
"Robbie Ray",5,26
"Jon Duplantier",0,1
"David Freese",60,146
"Ian Desmond",89,220
"Mark Reynolds",67,140
"Chad Bettis",4,16
"Chris Iannetta",36,107
"Domingo Leyba",1,3
"Taylor Clarke",1,3
"Tyler Saladino",20,77
"Gio Gonzalez",4,25
"Richie Martin",10,28
"Stephen Strasburg",9,31
"Patrick Corbin",6,27
"Vince Velasquez",2,15
"Zac Gallen",1,4
"Scooter Gennett",78,176
"Alex Young",0,1
"Yonathan Daza",2,9
"Dom Nunez",2,6
"Tim Melville",1,2
"A.J. Pollock",44,114
"Tony Gonsolin",1,3
"Russell Martin",45,120
"Mike Leake",6,19
"Nick Martini",9,21
"Austin Dean",14,31
"Abraham Almonte",16,52
"Jack Flaherty",4,15
"Jon Lester",10,30
"Max Fried",4,11
"Curtis Granderson",34,122
"Charlie Culberson",19,49
"Rosell Herrera",10,34
"Caleb Smith",2,8
"Martin Prado",42,107
"Alex Jackson",0,3
"Sean Newcomb",1,9
"Steven Matz",2,12
"Zack Wheeler",5,21
"Keon Broxton",22,90
"Juan Lagares",20,63
"Corey Oswalt",1,2
"Kevin Gausman",0,3
"Julio Teheran",9,23
"Hernan Perez",40,129
"Anibal Sanchez",1,14
"Spencer Turnbull",0,2
"Gordon Beckham",18,57
"John Hicks",23,89
"Mike Soroka",2,7
"Mike Foltynewicz",3,23
"Jacob deGrom",7,27
"Yadiel Rivera",9,27
"Sean Doolittle",0,2
"Gerardo Parra",76,161
"Dallas Keuchel",1,7
"Cheslor Cuthbert",39,106
"Brad Keller",1,2
"Alex Wood",5,17
"Sonny Gray",2,5
"Rafael Ortega",10,22
"Ryan Cordell",8,25
"Welington Castillo",48,117
"Yolmer Sanchez",67,156
"Matt Skole",5,12
"Ryan Zimmerman",56,154
"Trey Mancini",61,158
"Jesus Sucre",20,45
"C.J. Cron",74,203
"Jose Abreu",127,249
"Jose Rondon",5,30
"Stevie Wilkerson",14,39
"Jonathan Lucroy",65,170
"Justin Bour",56,146
"Zack Cozart",47,119
"Kendrys Morales",70,168
"Austin Wynns",4,7
"Marco Hernandez",8,31
"Yandy Diaz",23,56
"Breyvic Valera",9,17
"Yordan Alvarez",17,38
"Humberto Arteaga",1,8
"Mark Trumbo",46,145
"Tom Murphy",12,41
"Dustin Pedroia",50,107
"Alen Hanson",21,50
"Socrates Brito",5,15
"Billy McKinney",5,19
"Steve Pearce",33,84
"Ronny Rodriguez",21,53
"Dustin Peterson",3,6
"Tim Beckham",42,106
"Jake Bauers",32,69
"Leonys Martin",30,100
"Sam Travis",8,24
"Tim Federowicz",2,13
"Charlie Tilson",12,26
"Yonder Alonso",60,163
"Matt Duffy",35,85
"Wilfredo Tovar",3,11
"Cristhian Adames",12,24
"Aramis Garcia",4,9
"Gorkys Hernandez",24,85
"Randy Rosario",0,1
"Yu Darvish",2,11
"Daniel Descalso",43,116
"Pablo Reyes",7,22
"Jose Quintana",5,17
"Chris Stratton",4,14
"Peter Bourjos",15,51
"Kyle Hendricks",10,32
"Michael Wacha",6,25
"Taylor Davis",3,6
"Peter O'Brien",2,18
"Addison Russell",67,183
"Tyler Chatwood",4,15
"Odubel Herrera",54,153
"Jose Iglesias",83,187
"Yasiel Puig",70,188
"Carlos Gonzalez",75,181
"Peter Lambert",1,2
"Lucas Giolito",0,3
"Carlos Gomez",36,118
"Walker Lockett",0,1
"Adbert Alzolay",0,1
"Cole Hamels",4,9
"Bryse Wilson",0,2
"Robel Garcia",2,9
"Jung Ho Kang",18,46
"Anthony DeSclafani",2,12
"Joe Ross",0,7
"Cory Spangenberg",30,79
"Ryan Court",2,4
"Kevin Kramer",8,12
"Steven Baron",1,2
"Michael Lorenzen",2,5
"Alex Blandino",5,15
"Ryon Healy",55,143
"Daniel Palka",14,41
"Mitch Haniger",54,131
"Richard Urena",5,24
"AJ Reed",3,15
"Ryan Goins",41,87
"Chris Herrmann",19,48
"Aledmys Diaz",63,141
"Erick Mejia",3,3
"Dawel Lugo",14,30
"Trevor Williams",2,16
"Zach Davies",4,25
"Scott Schebler",41,115
"Luis Castillo",2,20
"Trevor Richards",1,9
"Adam Wainwright",11,27
"Yangervis Solarte",55,123
"Mike Gerber",1,7
"Hyun-Jin Ryu",2,16
"Nick Kingham",2,5
"Tyler Mahle",0,10
"Tanner Roark",7,28
"Max Scherzer",13,32
"Tyler White",21,66
"Raisel Iglesias",0,4
"Jhoulys Chacin",5,17
"Shane Bieber",0,2
"Ryan Lavarnway",4,5
"Joe Musgrove",1,10
"Sal Romano",2,8
"Jed Lowrie",61,123
"Brian O'Grady",0,2
"Hanley Ramirez",59,164
"Max Moroff",10,20
"Eric Stamets",1,6
"Isaac Galloway",2,9
"Bobby Wilson",25,50
"Bobby Bradley",0,2
"Jordy Mercer",68,170
"Julio Urias",1,8
"German Marquez",9,20
"Luke Weaver",4,13
"Kyle Freeland",2,13
"Tyler Austin",17,53
"Jeff Hoffman",2,11
"Luke Maile",22,62
"Edwin Jackson",1,6
"Jon Gray",4,21
"Ian Kinsler",47,143
"Luis Perdomo",3,12
"Walker Buehler",0,11
"Chi Chi Gonzalez",1,4
"Kenta Maeda",7,25
"Shaun Anderson",0,1
"Hector Noesi",0,1
"Dario Agrazal",2,7
"Antonio Senzatela",4,8
"Seth Lugo",2,6
"Jake Rogers",0,7
"Dee Gordon",63,153
"Lucas Duda",31,86
"Terrance Gore",0,3
"Aaron Altherr",27,89
"Corban Joseph",6,9
"Ian Miller",0,1
"Nick Dini",2,2
"Nick Hundley",35,97
"Kaleb Cowart",11,28
"Michael Reed",0,3
"Derek Holland",0,9
"Chris Archer",1,9
"Jake Arrieta",8,27
"Nick Williams",34,82
"Clayton Kershaw",2,24
"Ross Stripling",2,9
"Joey Lucchesi",2,6
"Kristopher Negron",5,13
"Yimi Garcia",0,1
"Jacob Waguespack",0,1
"James Paxton",1,5
"Jeff Samardzija",6,32
"Tyler Anderson",2,15
"Pablo Lopez",1,6
"Jason Vargas",0,7
"Trevor Bauer",0,3
"Sandy Alcantara",2,5
"Touki Toussaint",0,2
"Charlie Morton",0,1
"Dakota Hudson",1,7
"Jordan Yamamoto",1,5
"Elieser Hernandez",0,4
"Michael Pineda",0,3
"Zach Eflin",1,16
"Robert Dugger",0,1
"Drew Robinson",4,22
"Brandon Woodruff",1,4
"Rookie Davis",0,1
"Marco Gonzales",0,2
"Chase Anderson",5,18
"Jay Jackson",0,1
"Mike Minor",0,1
"Carlos Martinez",12,32
"LaMonte Wade Jr",1,2
"Ryan LaMarre",8,18
"Noah Syndergaard",2,13
"Wilmer Font",0,1
"Ryan Carpenter",0,1
"Madison Bumgarner",8,30
"Chris Paddack",1,5
"Rajai Davis",21,82
"Greg Bird",17,51
"Drew Jackson",0,1
"Mikie Mahtook",17,70
"Sheldon Neuse",3,6
"Aaron Nola",3,19
"Kyle Wright",0,1
"Nick Pivetta",0,12
"Drew Gagnon",1,2
"Jeremy Hellickson",2,17
"Jerad Eickhoff",3,13
"Genesis Cabrera",0,1
"Drew Smyly",0,3
"Reynaldo Lopez",0,2
"Hector Neris",0,2
"Eduardo Rodriguez",0,1
"Jameson Taillon",2,17
"Jordan Lyles",4,11
"Yusmeiro Petit",0,1
"Jake Elmore",4,10
"Freddy Peralta",0,4
"Steven Brault",2,6
"Phil Maton",0,1
"Donnie Walton",2,3
"Matt Strahm",0,3
"Nick Margevicius",0,3
"Eric Lauer",1,4
"Tyler Beede",0,2
"Cal Quantrill",1,2
"Oliver Drake",1,1
"Dustin May",0,1
"Ronald Bolanos",0,1
"David Freitas",4,14
"Skye Bolt",0,1
"Dereck Rodriguez",0,5
"Andrew Suarez",0,4
"Alec Mills",0,1
"Homer Bailey",1,14
"Jaylin Davis",1,3
"Miles Mikolas",2,8
"Daniel Mengden",0,2
"Daniel Ponce de Leon",1,3
"Adrian Houser",0,1
"Ryan Helsley",0,2
"Brendan McKay",0,1
"Kean Wong",0,1
"Jose Urena",1,10
"Zack Greinke",7,23
"Erick Fedde",0,4
"Tres Barrera",0,2
"Raudy Read",0,1
"Adrian Sanchez",6,17
"Deven Marrero",14,35
"Christian Villanueva",7,34
"Carlos Asuaje",21,54
"Jose Pirela",24,65
"Chase Utley",31,81
"Gerrit Cole",1,12
"Matt Koch",0,3
"T.J. McFarland",0,1
"Jose Bautista",51,123
"Jordan Hicks",0,1
"Clayton Richard",3,11
"Adrian Beltre",81,169
"Chase d'Arnaud",18,37
"Eric Young Jr.",10,23
"Jefry Marte",24,63
"Denard Span",54,138
"Mike Montgomery",3,13
"Matt Holliday",36,80
"Preston Tucker",13,29
"Chris Stewart",4,17
"Brandon McCarthy",1,12
"Ryan Flaherty",10,28
"Lane Adams",8,18
"Miguel Montero",15,41
"A.J. Cole",0,3
"Yoenis Cespedes",36,77
"Jose Lobaton",9,25
"Ty Blach",2,10
"Gregor Blanco",22,61
"Kelby Tomlinson",15,37
"Adrian Gonzalez",52,103
"Jose Reyes",26,69
"Devin Mesoraco",10,38
"Spencer Kieboom",6,16
"Jefry Rodriguez",1,2
"Jose Castillo",1,1
"Rafael Lopez",11,17
"Matt Harvey",2,15
"Devon Travis",38,83
"Austin Gomber",2,6
"Pedro Alvarez",13,39
"Craig Gentry",7,23
"Danny Valencia",46,121
"Alcides Escobar",63,140
"Pedro Florimon",5,9
"JB Shuck",5,36
"Luis Valbuena",33,95
"Chris Young",17,55
"Dan Butler",1,2
"Ronald Torreyes",24,60
"John Andreoli",3,8
"Andrew Susac",0,7
"Trayce Thompson",10,50
"Shane Robinson",9,22
"Austin Jackson",34,87
"Brandon Phillips",44,92
"Ivan Nova",0,20
"Efren Navarro",0,4
"Daniel Castro",8,12
"Justin Hancock",0,1
"Miguel Gomez",3,5
"Dylan Cozens",0,4
"Chad Kuhl",1,14
"Chris Gimenez",8,33
"Rich Hill",4,13
"Jose Berrios",0,2
"Joe Mauer",58,111
"Adalberto Mejia",0,1
"Brandon Morrow",0,1
"Robbie Erlin",0,3
"Francisco Pena",4,17
"Victor Martinez",54,155
"Dixon Machado",10,40
"Evan Gattis",62,133
"Lonnie Chisenhall",33,85
"Dustin Fowler",6,16
"Brandon Guyer",25,64
"Jim Adduci",11,23
"Francisco Arcia",6,14
"Adam Rosales",25,55
"Brandon Barnes",6,15
"Cliff Pennington",19,46
"Brandon Finnegan",2,10
"Wade Miley",0,6
"P.J. Conlon",0,1
"Tony Cruz",1,5
"Dylan Floro",0,3
"Michael Fulmer",0,1
"Hector Santiago",0,1
"Ranger Suarez",0,1
"Mike Clevinger",0,1
"Corey Kluber",0,2
"Cody Reed",0,1
"Eric Skoglund",0,1
"Heath Fillmyer",0,1
"Blake Trahan",0,2
"Pete Kozma",3,13
"Carlos Perez",16,43
"Matt Szczur",15,44
"Chase Headley",41,113
"Jett Bandy",14,49
"Noel Cuevas",2,12
"Dennis Santana",1,1
"Drew Rucinski",0,1
"Christian Bergman",1,1
"Mitch Walding",0,1
"Johnny Field",6,22
"Gregorio Petit",6,19
"Ryan Rua",15,42
"Juan Centeno",9,32
"Jake Smolinski",7,30
"Paulo Orlando",22,63
"Carlos Tocci",2,7
"Patrick Kivlehan",6,18
"Ramon Torres",1,7
"Nolan Fontana",0,5
"Bruce Maxwell",16,35
"Ryan Schimpf",14,33
"Engelb Vielma",0,1
"Jabari Blash",5,22
"Jose Miguel Fernandez",3,6
"Moises Sierra",2,5
"Merandy Gonzalez",0,1
"Bartolo Colon",0,8
"Steve Cishek",0,1
"Andrew Toles",10,22
"Brad Peacock",0,3
"Kirby Yates",0,1
"Tomas Telis",3,16
"Braxton Lee",1,3
"Dillon Peters",0,2
"Dan Straily",1,16
"Wei-Yin Chen",1,11
"Shelby Miller",1,4
"Jesmuel Valentin",3,9
"Masahiro Tanaka",0,3
"Jorge Lopez",1,1
"Carlos Carrasco",1,2
"Brent Suter",1,7
"Alex Reyes",1,4
"Junior Guerra",1,8
"A.J. Ellis",19,45
"Chris Shaw",3,4
"Taylor Motter",11,36
"Luke Farrell",0,1
"Nathan Eovaldi",1,1
"Casey Kelly",0,1
"Colby Rasmus",29,71
"Matt den Dekker",1,5
"Boog Powell",5,22
"Luiz Gohara",0,2
"J.A. Happ",0,1
"Jonathan Loaisiga",0,1
"Dellin Betances",0,1
"Luis Severino",0,1
"Austin Davis",0,1
"Jerry Blevins",1,1
"Christopher Bostick",0,3
"Clay Holmes",0,1
"Warwick Saupold",0,1
"Chris Beck",0,1
"John Gant",0,3
"Mark Leiter Jr.",1,5
"Bryan Mitchell",0,1
"Tyson Ross",2,3
"Paul Blackburn",0,1
"Jaime Barria",0,2
"Clay Buchholz",0,3
"Javy Guerra",1,2
"Mike Marjama",0,2
"Zach Vincej",1,2
"Ichiro Suzuki",18,43
"Casey Sadler",0,2
"Jake Odorizzi",2,3
"Jason Hammel",3,11
"Nick Ciuffo",2,6
"Adam Moore",1,3
"Gift Ngoepe",2,7
"Shane Carle",0,1
"Rick Porcello",1,1
"Pedro Strop",0,1
"Jack Reinheimer",0,1
"Kyle McGowin",0,2
"Yasmany Tomas",25,87
"Conor Gillaspie",13,27
"Chris Marrero",2,9
"Johnny Cueto",7,28
"Jarrett Parker",12,32
"Josh Tomlin",0,2
"Jeremy Hazelbaker",4,18
"Scott Van Slyke",1,13
"Luis Sardinas",7,17
"Tommy Milone",0,2
"Rey Fuentes",5,16
"Tom Wilhelmsen",0,1
"Nick Franklin",12,28
"Cameron Perkins",4,6
"Ben Lively",2,3
"Tommy Joseph",26,76
"Daniel Nava",14,30
"Alex Mejia",0,4
"Eric Fryer",9,22
"Lance Lynn",0,7
"Ryan Hanigan",11,27
"Ryan Raburn",10,28
"Stephen Drew",16,32
"Ryder Jones",1,11
"Erick Aybar",25,64
"Orlando Calixte",2,7
"Adonis Garcia",30,73
"Hector Sanchez",8,22
"Emilio Bonifacio",5,11
"R.A. Dickey",4,13
"Robert Gsellman",2,8
"Ezequiel Carrera",13,41
"Chris Coghlan",14,27
"Darwin Barney",18,59
"Jayson Werth",31,73
"John Jaso",23,56
"Sam Freeman",0,1
"Michael Saunders",26,69
"Cameron Rupp",18,50
"T.J. Rivera",16,40
"Aaron Hill",16,47
"Matt Cain",2,11
"Jaime Garcia",5,8
"Jimmy Nelson",3,14
"Nori Aoki",32,74
"Chris Devenski",0,1
"Taijuan Walker",2,8
"Tyler Moore",10,28
"Robert Stephenson",0,6
"Matt Wisler",1,10
"Andrew Albers",1,1
"Erasmo Ramirez",0,1
"Andrew Cashner",2,5
"Mike Napoli",34,110
"Will Middlebrooks",1,6
"Adam Conley",3,13
"Odrisamer Despaigne",0,4
"Adam Lind",31,68
"Henderson Alvarez III",0,2
"J.J. Hardy",30,70
"Troy Tulowitzki",33,78
"Jacoby Ellsbury",28,83
"Seth Smith",29,75
"Hyun Soo Kim",12,35
"Derek Norris",21,66
"Shane Peterson",6,9
"Cody Asche",7,22
"Chris Heisey",4,30
"Paul Janish",2,4
"Kennys Vargas",17,52
"Chris Carter",29,98
"Ruben Tejada",6,23
"Carlos Beltran",43,113
"Rickie Weeks",8,29
"Josh Rutledge",8,22
"Danny Espinosa",31,83
"Trevor Plouffe",17,51
"Brett Anderson",0,1
"John Lackey",2,12
"Andres Blanco",9,25
"Jordan Montgomery",0,1
"Rob Zastryzny",0,2
"Chasen Shreve",0,1
"Bronson Arroyo",1,3
"Alexi Amarista",12,29
"Miguel Gonzalez",0,1
"Carlos Rodon",1,1
"Asher Wojciechowski",0,1
"Stuart Turner",2,8
"Scott Feldman",0,5
"Nick Tepesch",0,1
"Travis Taijeron",1,6
"Jen-Ho Tseng",1,1
"Deck McGuire",1,1
"Jacob May",3,6
"Tyler Collins",9,26
"Michael Martinez",2,12
"David Washington",0,1
"Willy Garcia",6,12
"Carlos Ruiz",9,28
"Brandon Moss",30,69
"Rymer Liriano",1,5
"Rob Brantly",0,1
"Drew Storen",0,1
"Wily Peralta",3,10
"Ubaldo Jimenez",0,1
"Amir Garrett",0,2
"Tim Adleman",2,4
"Tyler Glasnow",1,3
"Austin Brice",0,1
"Arismendy Alcantara",4,10
"Jake Buchanan",1,1
"Josh Ravin",0,1
"Jackson Stephens",1,1
"Tom Koehler",2,11
"Dusty Coleman",1,5
"Dinelson Lamet",0,2
"Allen Cordoba",6,13
"Alex Presley",10,29
"Yunel Escobar",28,67
"Franklin Gutierrez",12,38
"Luis Avilan",0,1
"Brett Eibner",8,24
"Sam Gaviglio",0,2
"Rafael Montero",1,2
"Jordan Zimmermann",0,1
"Rob Segedin",7,12
"Steve Selsky",1,6
"Geovany Soto",5,8
"Juan Graterol",9,20
"Ben Revere",22,47
"Jae-gyun Hwang",3,6
"Zack Granite",7,11
"Jared Hoying",7,15
"Jaycob Brugman",4,6
"Alejandro De Aza",12,26
"Brett Nicholas",1,7
"Gavin Cecchini",1,7
"Ian Parmley",0,1
"Billy Burns",9,24
"Ramon Flores",12,32
"Stephen Cardullo",2,5
"Brock Stassi",2,7
"Matt Moore",2,10
"Josh Lindblom",0,1
"Tyler Pill",0,2
"Steve Lombardozzi",0,1
"Matt Shoemaker",0,1
"Justin Nicolino",0,5
"Edinson Volquez",1,6
"Braden Shipley",2,4
"Jharel Cotton",0,1
"Mike Aviles",8,30
"Vance Worley",2,5
"Matt Garza",1,5
"Joe Biagini",1,1
"Marcus Stroman",0,1
"Jimmy Yacabonis",1,1
"Jayson Aquino",0,1
"Ty Kelly",10,18
"Josh Hader",0,1
"Justin Ruggiano",2,9
"Neil Ramirez",0,1
"A.J. Griffin",0,1
"Martin Perez",0,2
"Rafael Bautista",0,2
"Jaff Decker",2,8
"Carlos Moncrief",4,7
"Tuffy Gosewisch",3,8
"Chris Sale",0,1
"James Hoyt",0,1
"Mike Fiers",0,1
"Wade LeBlanc",1,3
"Blake Snell",0,1
"Brock Stewart",1,2
"Juan Nicasio",1,6
"Christian Bethancourt",9,15
"Travis Wood",2,3
"Ervin Santana",2,2
"Tyler Smith",1,2
"Mike Morse",1,2
"Nik Turley",0,1
"Chris O'Grady",0,1
"Trevor Cahill",2,2
"Daniel Gossett",0,1
"Jhonny Peralta",11,34
"Marco Estrada",0,1
"Mat Latos",0,2
"Casey Lawrence",0,1
"Taylor Featherston",2,9
"A.J. Jimenez",0,1
"Jarrod Saltalamacchia",10,27
"Ariel Miranda",0,1
"Matt Grace",0,1
"Jorge De La Rosa",4,7
"Rubby De La Rosa",1,2
"Jason Rogers",1,4
"Francisco Liriano",1,6
"Jon Niese",1,6
"Chris Rusin",2,6
"Angel Pagan",24,53
"Trevor Brown",3,17
"Chad Green",0,1
"Michael Bourn",16,32
"Mark Teixeira",7,39
"Brett Wallace",5,21
"Melvin Upton Jr.",13,45
"Alexei Ramirez",11,43
"Christian Friedrich",1,6
"Archie Bradley",3,5
"Cole Gillespie",2,6
"Tyler Goeddel",5,23
"Randall Delgado",0,1
"Grant Green",3,10
"Bud Norris",0,4
"Zach Walters",0,1
"Junior Lake",0,1
"Clint Robinson",13,29
"Andy Wilkins",1,3
"James Loney",7,25
"Rob Whalen",0,3
"Ramon Cabrera",9,18
"Kyle Jensen",1,3
"A.J. Pierzynski",4,21
"Drew Stubbs",2,14
"Hector Olivera",1,1
"Jeff Francoeur",11,35
"Williams Perez",0,4
"David Wright",3,11
"Kelly Johnson",11,31
"Kirk Nieuwenhuis",11,34
"Reid Brignac",1,3
"Albert Suarez",2,6
"David Ross",12,22
"Kyle Waldrop",1,2
"Ivan De Jesus",8,22
"Brandon Snyder",3,10
"Juan Uribe",9,28
"Chris Johnson",6,20
"Anthony Recker",8,14
"Jeff Locke",0,3
"Tyrell Jenkins",0,2
"Joel De La Cruz",1,4
"Oswaldo Arcia",8,18
"Blake Lalli",1,3
"Ryan Howard",12,32
"Daniel Norris",0,1
"Aaron Blair",0,3
"Hank Conger",2,20
"Josh Thole",3,13
"Dioner Navarro",11,34
"Jerry Sands",1,6
"Steven Moya",3,12
"Dae-ho Lee",14,37
"David Ortiz",22,55
"Alex Rodriguez",9,29
"Johnny Giavotella",18,44
"Nolan Reimold",1,14
"Desmond Jennings",6,12
"Coco Crisp",17,32
"Billy Butler",12,26
"Brett Lawrie",10,28
"Bryce Brentz",1,8
"Prince Fielder",20,34
"Ramiro Pena",4,12
"Jordan Pacheco",0,6
"Ben Paulsen",4,8
"Ryan Kalish",1,1
"Lucas Harrell",0,1
"Shawn O'Malley",4,16
"Ricky Nolasco",0,1
"Munenori Kawasaki",0,3
"Tony Renda",2,11
"Tyler Holt",6,19
"Marlon Byrd",4,12
"Collin Cowgill",0,2
"Jimmy Rollins",4,17
"Omar Infante",6,12
"Justin Morneau",8,21
"Jason Coats",1,2
"Juniel Querecuto",1,1
"Logan Schafer",1,6
"Alfredo Simon",1,4
"Colin Walsh",1,5
"Tyler Cravy",0,1
"Hisashi Iwakuma",0,1
"Steve Clevenger",3,8
"Jon Moscot",0,1
"John Lamb",0,2
"Seunghwan Oh",0,2
"David Phelps",1,2
"Alberto Rosario",1,3
"Hernan Iribarren",1,2
"Anthony Gose",2,11
"ByungHo Park",5,21
"Nick Buss",5,11
"Colin Rea",1,5
"Drew Pomeranz",0,4
"James Shields",0,4
"Eddie Butler",0,2
"Ike Davis",1,3
"Aaron Sanchez",0,1
"Adam Morgan",0,3
"Jimmy Paredes",6,17
"Josmil Pinto",0,1
"Jordan Patterson",0,1
"Casey McGehee",0,6
"Danny Worth",0,5
"Tyler Ladendorf",0,4
"James Beresford",0,1
"Brendan Ryan",0,3
"Scott Kazmir",1,6
"Eric Campbell",3,8
"Jose Alvarez",0,1
"Carl Crawford",4,7
"Chris Hatcher",0,1
"Steven Wright",0,1
"Jose De Leon",0,1
"Jose Fernandez",1,4
"Dustin McGowan",0,2
"Don Kelly",1,3
"Robert Andino",0,2
"Xavier Scruggs",1,4
"Dillon Gee",0,1
"Jake Esch",0,3
"Jarred Cosart",0,2
"Chris Narveson",0,1
"Joel Peralta",0,1
"Kyle Gibson",0,1
"Alec Asher",1,2
"Dustin Ackley",1,4
"Chris Parmelee",0,2
"Andre Ethier",0,2
"Andrew Lambo",0,1
"Matt McBride",1,3
"Cedric Hunter",0,1
"David Lough",3,5
"Emmanuel Burriss",0,2
"Danny Duffy",1,1
"Jake Thompson",0,3
"Cole Figueroa",2,5
"Jered Weaver",0,1
"Felix Hernandez",0,2
"Doug Fister",1,2
"Collin McHugh",0,2
"Ryan Vogelsong",0,2
"Jemile Weeks",1,2
"Nick Noonan",1,1
"Stefen Romero",2,2
"Jake Peavy",1,2
"Dylan Bundy",0,1
"Paul Clemens",0,1
"Chris Colabello",0,1
"Matt Dominguez",0,1
"Richie Shaffer",1,3
"Ryan Weber",0,1
"Jim Johnson",0,1
"Destin Hood",0,1
